<application>
  <component name="BaseRefactoringSettings">
    <option name="MOVE_SEARCH_FOR_REFERENCES_FOR_FILE" value="false" />
  </component>
  <component name="RefactoringSettings">
    <option name="RENAME_SEARCH_FOR_TEXT_FOR_CLASS" value="false" />
    <option name="INTRODUCE_FIELD_VISIBILITY" value="private" />
    <option name="INLINE_METHOD_THIS" value="true" />
    <option name="INLINE_LOCAL_THIS" value="true" />
    <option name="INTRODUCE_LOCAL_CREATE_FINALS" value="false" />
  </component>
</application>