<application>
  <component name="FindSettings">
    <option name="customScope" value="All Places" />
    <option name="defaultScopeName" value="All Places" />
    <option name="localRegularExpressions" value="true" />
    <option name="LOCAL_REGULAR_EXPRESSIONS" value="true" />
    <option name="SEARCH_SCOPE" value="All Places" />
    <mask>*.xml</mask>
    <mask>*.graphqls</mask>
    <mask>*Test.java</mask>
    <mask>*.json</mask>
    <mask>*.java</mask>
    <mask>*.json5</mask>
    <mask>pom.xml</mask>
  </component>
</application>