<application>
  <component name="StringManipulationState">
    <option name="columnAlignerHistory">
      <list>
        <ColumnAlignerModel>
          <option name="added" value="1596470821099" />
          <option name="alignBy" value="VALUES" />
          <option name="columnSortOrder" value="" />
          <option name="maxSeparatorsPerLine" value="" />
          <option name="separators">
            <list>
              <option value="," />
            </list>
          </option>
          <option name="spaceAfterSeparator" value="false" />
          <option name="spaceBeforeSeparator" value="false" />
          <option name="trimLines" value="true" />
        </ColumnAlignerModel>
        <ColumnAlignerModel>
          <option name="added" value="1596470861583" />
          <option name="alignBy" value="VALUES" />
          <option name="columnSortOrder" value="" />
          <option name="maxSeparatorsPerLine" value="" />
          <option name="separators">
            <list>
              <option value="," />
            </list>
          </option>
          <option name="spaceBeforeSeparator" value="false" />
          <option name="trimLines" value="true" />
        </ColumnAlignerModel>
        <ColumnAlignerModel>
          <option name="added" value="1596470888132" />
          <option name="alignBy" value="VALUES" />
          <option name="columnSortOrder" value="" />
          <option name="maxSeparatorsPerLine" value="" />
          <option name="separators">
            <list>
              <option value="," />
            </list>
          </option>
          <option name="spaceBeforeSeparator" value="false" />
          <option name="trimLines" value="true" />
        </ColumnAlignerModel>
        <ColumnAlignerModel>
          <option name="added" value="1596470901341" />
          <option name="alignBy" value="VALUES" />
          <option name="columnSortOrder" value="" />
          <option name="maxSeparatorsPerLine" value="" />
          <option name="separators">
            <list>
              <option value="," />
            </list>
          </option>
          <option name="spaceBeforeSeparator" value="false" />
          <option name="trimLines" value="true" />
        </ColumnAlignerModel>
        <ColumnAlignerModel>
          <option name="added" value="1596470914455" />
          <option name="alignBy" value="VALUES" />
          <option name="columnSortOrder" value="" />
          <option name="maxSeparatorsPerLine" value="" />
          <option name="separators">
            <list>
              <option value="," />
            </list>
          </option>
          <option name="spaceBeforeSeparator" value="false" />
          <option name="trimLines" value="true" />
        </ColumnAlignerModel>
        <ColumnAlignerModel>
          <option name="added" value="1596470954964" />
          <option name="alignBy" value="VALUES" />
          <option name="columnSortOrder" value="" />
          <option name="maxSeparatorsPerLine" value="" />
          <option name="separators">
            <list>
              <option value="." />
            </list>
          </option>
          <option name="spaceAfterSeparator" value="false" />
          <option name="spaceBeforeSeparator" value="false" />
          <option name="trimValues" value="false" />
        </ColumnAlignerModel>
        <ColumnAlignerModel>
          <option name="added" value="1596471012177" />
          <option name="columnSortOrder" value="" />
          <option name="maxSeparatorsPerLine" value="" />
          <option name="separators">
            <list>
              <option value="." />
            </list>
          </option>
          <option name="spaceAfterSeparator" value="false" />
          <option name="spaceBeforeSeparator" value="false" />
          <option name="trimLines" value="true" />
        </ColumnAlignerModel>
        <ColumnAlignerModel>
          <option name="added" value="1596471076613" />
          <option name="columnSortOrder" value="" />
          <option name="maxSeparatorsPerLine" value="2" />
          <option name="separators">
            <list>
              <option value="." />
            </list>
          </option>
          <option name="spaceAfterSeparator" value="false" />
          <option name="spaceBeforeSeparator" value="false" />
          <option name="trimLines" value="true" />
        </ColumnAlignerModel>
        <ColumnAlignerModel>
          <option name="added" value="1596471098123" />
          <option name="columnSortOrder" value="" />
          <option name="maxSeparatorsPerLine" value="2" />
          <option name="separators">
            <list>
              <option value="." />
            </list>
          </option>
          <option name="spaceAfterSeparator" value="false" />
          <option name="spaceBeforeSeparator" value="false" />
          <option name="trimLines" value="true" />
        </ColumnAlignerModel>
        <ColumnAlignerModel>
          <option name="added" value="1596471195179" />
          <option name="alignBy" value="VALUES" />
          <option name="columnSortOrder" value="" />
          <option name="maxSeparatorsPerLine" value="4" />
          <option name="separators">
            <list>
              <option value="," />
            </list>
          </option>
          <option name="spaceBeforeSeparator" value="false" />
          <option name="trimLines" value="true" />
        </ColumnAlignerModel>
        <ColumnAlignerModel>
          <option name="added" value="1596471224699" />
          <option name="columnSortOrder" value="" />
          <option name="maxSeparatorsPerLine" value="4" />
          <option name="separators">
            <list>
              <option value="." />
            </list>
          </option>
          <option name="spaceAfterSeparator" value="false" />
          <option name="spaceBeforeSeparator" value="false" />
          <option name="trimLines" value="true" />
        </ColumnAlignerModel>
        <ColumnAlignerModel>
          <option name="added" value="1596471333319" />
          <option name="columnSortOrder" value="" />
          <option name="maxSeparatorsPerLine" value="4" />
          <option name="separators">
            <list>
              <option value="FINDER" />
            </list>
          </option>
          <option name="spaceAfterSeparator" value="false" />
          <option name="trimLines" value="true" />
        </ColumnAlignerModel>
        <ColumnAlignerModel>
          <option name="added" value="1596471392585" />
          <option name="alignBy" value="VALUES" />
          <option name="columnSortOrder" value="" />
          <option name="maxSeparatorsPerLine" value="2" />
          <option name="separators">
            <list>
              <option value="()" />
            </list>
          </option>
          <option name="spaceAfterSeparator" value="false" />
          <option name="spaceBeforeSeparator" value="false" />
          <option name="trimLines" value="true" />
        </ColumnAlignerModel>
        <ColumnAlignerModel>
          <option name="added" value="1598412289199" />
          <option name="alignBy" value="VALUES" />
          <option name="columnSortOrder" value="" />
          <option name="maxSeparatorsPerLine" value="" />
          <option name="separators">
            <list>
              <option value=":" />
            </list>
          </option>
          <option name="spaceBeforeSeparator" value="false" />
        </ColumnAlignerModel>
        <ColumnAlignerModel>
          <option name="added" value="1598412316270" />
          <option name="columnSortOrder" value="" />
          <option name="maxSeparatorsPerLine" value="" />
          <option name="separators">
            <list>
              <option value=":" />
            </list>
          </option>
          <option name="spaceBeforeSeparator" value="false" />
        </ColumnAlignerModel>
        <ColumnAlignerModel>
          <option name="added" value="1598412341867" />
          <option name="columnSortOrder" value="" />
          <option name="maxSeparatorsPerLine" value="" />
          <option name="separators">
            <list>
              <option value=":" />
            </list>
          </option>
          <option name="spaceBeforeSeparator" value="false" />
        </ColumnAlignerModel>
        <ColumnAlignerModel>
          <option name="added" value="1598412394799" />
          <option name="columnSortOrder" value="" />
          <option name="maxSeparatorsPerLine" value="" />
          <option name="separators">
            <list>
              <option value=":" />
            </list>
          </option>
          <option name="spaceBeforeSeparator" value="false" />
        </ColumnAlignerModel>
        <ColumnAlignerModel>
          <option name="added" value="1598412564949" />
          <option name="columnSortOrder" value="" />
          <option name="maxSeparatorsPerLine" value="" />
          <option name="separators">
            <list>
              <option value=":" />
            </list>
          </option>
          <option name="spaceBeforeSeparator" value="false" />
        </ColumnAlignerModel>
        <ColumnAlignerModel>
          <option name="added" value="1605894013621" />
          <option name="columnSortOrder" value="" />
          <option name="maxSeparatorsPerLine" value="" />
          <option name="separators">
            <list>
              <option value="=" />
            </list>
          </option>
        </ColumnAlignerModel>
        <ColumnAlignerModel>
          <option name="added" value="1610425258305" />
          <option name="columnSortOrder" value="" />
          <option name="maxSeparatorsPerLine" value="4" />
          <option name="separators">
            <list>
              <option value="," />
            </list>
          </option>
          <option name="spaceBeforeSeparator" value="false" />
          <option name="trimLines" value="true" />
        </ColumnAlignerModel>
      </list>
    </option>
  </component>
</application>