<application>
  <component name="libraryTable">
    <library name="firebase-DefinitelyTyped" type="javaScript">
      <properties>
        <sourceFilesUrls>
          <item url="file://$APPLICATION_CONFIG_DIR$/javascript/extLibs/http_github.com_DefinitelyTyped_DefinitelyTyped_raw_master_types_firebase_firebase-simplelogin.d.ts" />
          <item url="file://$APPLICATION_CONFIG_DIR$/javascript/extLibs/http_github.com_DefinitelyTyped_DefinitelyTyped_raw_master_types_firebase_index.d.ts" />
        </sourceFilesUrls>
      </properties>
      <CLASSES>
        <root url="file://$APPLICATION_CONFIG_DIR$/javascript/extLibs/http_github.com_DefinitelyTyped_DefinitelyTyped_raw_master_types_firebase_firebase-simplelogin.d.ts" />
        <root url="file://$APPLICATION_CONFIG_DIR$/javascript/extLibs/http_github.com_DefinitelyTyped_DefinitelyTyped_raw_master_types_firebase_index.d.ts" />
      </CLASSES>
      <SOURCES />
    </library>
    <library name="lodash-DefinitelyTyped" type="javaScript">
      <properties>
        <sourceFilesUrls>
          <item url="file://$APPLICATION_CONFIG_DIR$/javascript/extLibs/http_github.com_DefinitelyTyped_DefinitelyTyped_raw_master_types_lodash_index.d.ts" />
        </sourceFilesUrls>
      </properties>
      <CLASSES>
        <root url="file://$APPLICATION_CONFIG_DIR$/javascript/extLibs/http_github.com_DefinitelyTyped_DefinitelyTyped_raw_master_types_lodash_index.d.ts" />
      </CLASSES>
      <SOURCES />
    </library>
    <library name="react-addons-css-transition-group-DefinitelyTyped" type="javaScript">
      <properties>
        <sourceFilesUrls>
          <item url="file://$APPLICATION_CONFIG_DIR$/javascript/extLibs/http_github.com_DefinitelyTyped_DefinitelyTyped_raw_master_types_react-addons-css-transition-group_index.d.ts" />
        </sourceFilesUrls>
      </properties>
      <CLASSES>
        <root url="file://$APPLICATION_CONFIG_DIR$/javascript/extLibs/http_github.com_DefinitelyTyped_DefinitelyTyped_raw_master_types_react-addons-css-transition-group_index.d.ts" />
      </CLASSES>
      <SOURCES />
    </library>
    <library name="react-bootstrap-DefinitelyTyped" type="javaScript">
      <CLASSES>
        <root url="file://$APPLICATION_CONFIG_DIR$/javascript/extLibs/http_github.com_DefinitelyTyped_DefinitelyTyped_raw_master_react-bootstrap_react-bootstrap.d.ts" />
      </CLASSES>
      <SOURCES />
    </library>
    <library name="react-copy-to-clipboard-DefinitelyTyped" type="javaScript">
      <properties>
        <sourceFilesUrls>
          <item url="file://$APPLICATION_CONFIG_DIR$/javascript/extLibs/http_github.com_DefinitelyTyped_DefinitelyTyped_raw_master_types_react-copy-to-clipboard_index.d.ts" />
        </sourceFilesUrls>
      </properties>
      <CLASSES>
        <root url="file://$APPLICATION_CONFIG_DIR$/javascript/extLibs/http_github.com_DefinitelyTyped_DefinitelyTyped_raw_master_types_react-copy-to-clipboard_index.d.ts" />
      </CLASSES>
      <SOURCES />
    </library>
    <library name="react-DefinitelyTyped" type="javaScript">
      <CLASSES>
        <root url="file://$APPLICATION_CONFIG_DIR$/javascript/extLibs/http_github.com_DefinitelyTyped_DefinitelyTyped_raw_master_react_react-addons-create-fragment.d.ts" />
        <root url="file://$APPLICATION_CONFIG_DIR$/javascript/extLibs/http_github.com_DefinitelyTyped_DefinitelyTyped_raw_master_react_react-addons-css-transition-group.d.ts" />
        <root url="file://$APPLICATION_CONFIG_DIR$/javascript/extLibs/http_github.com_DefinitelyTyped_DefinitelyTyped_raw_master_react_react-addons-linked-state-mixin.d.ts" />
        <root url="file://$APPLICATION_CONFIG_DIR$/javascript/extLibs/http_github.com_DefinitelyTyped_DefinitelyTyped_raw_master_react_react-addons-perf.d.ts" />
        <root url="file://$APPLICATION_CONFIG_DIR$/javascript/extLibs/http_github.com_DefinitelyTyped_DefinitelyTyped_raw_master_react_react-addons-pure-render-mixin.d.ts" />
        <root url="file://$APPLICATION_CONFIG_DIR$/javascript/extLibs/http_github.com_DefinitelyTyped_DefinitelyTyped_raw_master_react_react-addons-shallow-compare.d.ts" />
        <root url="file://$APPLICATION_CONFIG_DIR$/javascript/extLibs/http_github.com_DefinitelyTyped_DefinitelyTyped_raw_master_react_react-addons-test-utils.d.ts" />
        <root url="file://$APPLICATION_CONFIG_DIR$/javascript/extLibs/http_github.com_DefinitelyTyped_DefinitelyTyped_raw_master_react_react-addons-transition-group.d.ts" />
        <root url="file://$APPLICATION_CONFIG_DIR$/javascript/extLibs/http_github.com_DefinitelyTyped_DefinitelyTyped_raw_master_react_react-addons-update.d.ts" />
        <root url="file://$APPLICATION_CONFIG_DIR$/javascript/extLibs/http_github.com_DefinitelyTyped_DefinitelyTyped_raw_master_react_react-dom.d.ts" />
        <root url="file://$APPLICATION_CONFIG_DIR$/javascript/extLibs/http_github.com_DefinitelyTyped_DefinitelyTyped_raw_master_react_react-global.d.ts" />
        <root url="file://$APPLICATION_CONFIG_DIR$/javascript/extLibs/http_github.com_DefinitelyTyped_DefinitelyTyped_raw_master_react_react.d.ts" />
      </CLASSES>
      <SOURCES />
    </library>
    <library name="react-dom-DefinitelyTyped" type="javaScript">
      <properties>
        <sourceFilesUrls>
          <item url="file://$APPLICATION_CONFIG_DIR$/javascript/extLibs/http_github.com_DefinitelyTyped_DefinitelyTyped_raw_master_types_react-dom_index.d.ts" />
        </sourceFilesUrls>
      </properties>
      <CLASSES>
        <root url="file://$APPLICATION_CONFIG_DIR$/javascript/extLibs/http_github.com_DefinitelyTyped_DefinitelyTyped_raw_master_types_react-dom_index.d.ts" />
      </CLASSES>
      <SOURCES />
    </library>
    <library name="react-dropzone-DefinitelyTyped" type="javaScript">
      <properties>
        <sourceFilesUrls>
          <item url="file://$APPLICATION_CONFIG_DIR$/javascript/extLibs/http_github.com_DefinitelyTyped_DefinitelyTyped_raw_master_types_react-dropzone_index.d.ts" />
        </sourceFilesUrls>
      </properties>
      <CLASSES>
        <root url="file://$APPLICATION_CONFIG_DIR$/javascript/extLibs/http_github.com_DefinitelyTyped_DefinitelyTyped_raw_master_types_react-dropzone_index.d.ts" />
      </CLASSES>
      <SOURCES />
    </library>
    <library name="react-fontawesome-DefinitelyTyped" type="javaScript">
      <properties>
        <sourceFilesUrls>
          <item url="file://$APPLICATION_CONFIG_DIR$/javascript/extLibs/http_github.com_DefinitelyTyped_DefinitelyTyped_raw_master_types_react-fontawesome_index.d.ts" />
        </sourceFilesUrls>
      </properties>
      <CLASSES>
        <root url="file://$APPLICATION_CONFIG_DIR$/javascript/extLibs/http_github.com_DefinitelyTyped_DefinitelyTyped_raw_master_types_react-fontawesome_index.d.ts" />
      </CLASSES>
      <SOURCES />
    </library>
    <library name="react-router-bootstrap-DefinitelyTyped" type="javaScript">
      <CLASSES>
        <root url="file://$APPLICATION_CONFIG_DIR$/javascript/extLibs/http_github.com_DefinitelyTyped_DefinitelyTyped_raw_master_react-router-bootstrap_react-router-bootstrap.d.ts" />
      </CLASSES>
      <SOURCES />
    </library>
    <library name="react-router-DefinitelyTyped" type="javaScript">
      <CLASSES>
        <root url="file://$APPLICATION_CONFIG_DIR$/javascript/extLibs/http_github.com_DefinitelyTyped_DefinitelyTyped_raw_master_react-router_history.d.ts" />
        <root url="file://$APPLICATION_CONFIG_DIR$/javascript/extLibs/http_github.com_DefinitelyTyped_DefinitelyTyped_raw_master_react-router_react-router.d.ts" />
      </CLASSES>
      <SOURCES />
    </library>
    <library name="scala-sdk-2.11.6">
      <CLASSES>
        <root url="jar://$MAVEN_REPOSITORY$/org/scala-lang/scala-library/2.11.6/scala-library-2.11.6.jar!/" />
        <root url="jar://$MAVEN_REPOSITORY$/org/scala-lang/scala-reflect/2.11.6/scala-reflect-2.11.6.jar!/" />
      </CLASSES>
      <SOURCES />
    </library>
  </component>
</application>