<application>
  <component name="CodeInsightSettings">
    <option name="completionCaseSensitive" value="2" />
    <option name="selectAutopopupSuggestionsByChars" value="true" />
    <option name="COMPLETION_CASE_SENSITIVE" value="2" />
    <option name="SELECT_AUTOPOPUP_SUGGESTIONS_BY_CHARS" value="true" />
    <EXCLUDED_PACKAGE NAME="com.google.common.collect" />
    <EXCLUDED_PACKAGE NAME="org.parboiled.common" />
    <EXCLUDED_PACKAGE NAME="sun.jvm.hotspot" />
  </component>
  <component name="DaemonCodeAnalyzerSettings" profile="IDE">
    <option name="ERROR_STRIPE_MARK_MIN_HEIGHT" value="5" />
  </component>
  <component name="DefaultFont">
    <option name="FONT_SIZE" value="14" />
  </component>
  <component name="EditorSettings">
    <option name="USE_SOFT_WRAPS" value="MAIN_EDITOR:CONSOLE" />
    <option name="STRIP_TRAILING_SPACES" value="Whole" />
    <option name="IS_ENSURE_NEWLINE_AT_EOF" value="true" />
    <option name="IS_CAMEL_WORDS" value="true" />
    <option name="IS_MOUSE_CLICK_SELECTION_HONORS_CAMEL_WORDS" value="false" />
  </component>
  <component name="InspectionProfileManager">
    <info color="ebc700">
      <option name="BACKGROUND" value="f6ebbc" />
      <option name="ERROR_STRIPE_COLOR" value="ebc700" />
      <option name="EFFECT_TYPE" value="1" />
      <option name="myName" value="INSPECTION" />
      <option name="myVal" value="50" />
      <option name="myExternalName" value="INSPECTION" />
    </info>
  </component>
</application>