<application>
  <component name="GeneralSettings">
    <option name="autoSaveIfInactive" value="true" />
    <option name="confirmExit" value="false" />
    <option name="inactiveTimeout" value="5" />
    <option name="searchInBackground" value="true" />
    <option name="useSafeWrite" value="false" />
  </component>
  <component name="Registry">
    <entry key="ide.firstStartup" value="false" />
    <entry key="debugger.valueTooltipAutoShowOnSelection" value="true" />
    <entry key="SBT.system.in.process" value="true" />
    <entry key="ide.mac.allowDarkWindowDecorations" value="true" />
  </component>
  <component name="StatusBar">
    <option name="widgets">
      <map>
        <entry key="Memory" value="true" />
      </map>
    </option>
  </component>
</application>