<application>
  <component name="NotificationConfiguration">
    <notification groupId="Android Property Files Updating" />
    <notification groupId="Clean artifact" />
    <notification groupId="Compiler" displayType="NONE" />
    <notification groupId="Execution" displayType="NONE" />
    <notification groupId="External Executable Critical Failures" displayType="TOOL_WINDOW" />
    <notification groupId="Framework Detection" />
    <notification groupId="Git Important Messages" displayType="STICKY_BALLOON" />
    <notification groupId="Git Messages" displayType="TOOL_WINDOW" />
    <notification groupId="Git Minor Notifications" />
    <notification groupId="Gradle warnings" displayType="TOOL_WINDOW" />
    <notification groupId="Grape" />
    <notification groupId="Groovy DSL errors" />
    <notification groupId="IDE Usage Statistics" displayType="STICKY_BALLOON" shouldLog="false" />
    <notification groupId="Maven Import" displayType="STICKY_BALLOON" />
    <notification groupId="Project Loading Error" />
    <notification groupId="SbtImportMessage" displayType="STICKY_BALLOON" />
    <notification groupId="Test Runner" displayType="NONE" />
    <notification groupId="update.available.group" displayType="STICKY_BALLOON" />
  </component>
</application>